,H
2012-07-13,0.0
2012-07-14,0.31999999999993634
2012-07-15,0.35999999999989996
2012-07-16,0.3869999999999436
2012-07-17,0.4069999999999254
2012-07-18,0.40599999999994907
2012-07-19,0.38850000000002183
2012-07-20,0.3709999999998672
2012-07-21,0.7919999999999163
2012-07-22,3.9220000000000255
2012-07-23,2.54099999999994
2012-07-24,2.1019999999998618
2012-07-25,3.980000000000018
2012-07-26,5.588999999999942
2012-07-27,7.563999999999851
2012-07-28,10.184999999999945
2012-07-29,12.34699999999998
2012-07-30,14.015999999999849
2012-07-31,14.551999999999907
2012-08-01,14.55099999999993
2012-08-02,14.02949999999987
2012-08-03,13.50799999999981
2012-08-04,13.913000000000011
2012-08-05,14.499000000000024
2012-08-06,14.548999999999978
2012-08-07,14.843999999999824
2012-08-08,15.062999999999874
2012-08-09,15.17599999999993
2012-08-10,15.532999999999902
2012-08-11,15.913999999999987
2012-08-12,15.987999999999829
2012-08-13,15.881999999999834
2012-08-14,15.682000000000016
2012-08-15,15.555999999999813
2012-08-16,15.742999999999938
2012-08-17,15.923999999999978
2012-08-18,16.0179999999998
2012-08-19,16.072999999999865
2012-08-20,16.166999999999916
2012-08-21,16.228999999999814
2012-08-22,16.12299999999982
2012-08-23,15.965999999999894
2012-08-24,15.865999999999985
2012-08-25,15.690999999999804
2012-08-26,15.539999999999964
2012-08-27,15.483999999999924
2012-08-28,15.795999999999822
2012-08-29,16.730999999999995
2012-08-30,17.657333333333327
2012-08-31,18.58366666666666
2012-09-01,19.50999999999999
2012-09-02,20.149999999999864
2012-09-03,20.756999999999834
2012-09-04,21.326000000000022
2012-09-05,21.84999999999991
2012-09-06,22.348999999999933
2012-09-07,22.839999999999918
2012-09-08,23.263999999999896
2012-09-09,23.733999999999924
2012-09-10,24.315999999999804
2012-09-11,24.935999999999922
2012-09-12,24.876999999999953
2012-09-13,24.817999999999984
2012-09-14,24.759000000000015
2012-09-15,24.451000000000022
2012-09-16,24.23799999999983
2012-09-17,24.0179999999998
2012-09-18,23.583999999999833
2012-09-19,23.125
2012-09-20,22.67599999999993
2012-09-21,22.189999999999827
2012-09-22,21.732999999999947
2012-09-23,21.234249999999975
2012-09-24,20.735500000000002
2012-09-25,20.23675000000003
2012-09-26,19.73799999999983
2012-09-27,19.437999999999874
2012-09-28,19.10199999999986
2012-09-29,19.339999999999918
2012-09-30,19.72499999999991
2012-10-01,20.144999999999982
2012-10-02,20.569999999999936
2012-10-03,20.975999999999885
2012-10-04,21.3449999999998
2012-10-05,21.694999999999936
2012-10-06,22.031999999999925
2012-10-07,22.422000000000025
2012-10-08,22.817000000000007
2012-10-09,23.12799999999993
2012-10-10,22.888999999999896
2012-10-11,22.529999999999973
2012-10-12,22.702999999999975
2012-10-13,22.965999999999894
2012-10-14,23.228999999999814
2012-10-15,23.59199999999987
2012-10-16,23.930999999999813
2012-10-17,24.15599999999995
2012-10-18,24.386999999999944
2012-10-19,24.617999999999938
2012-10-20,24.94899999999984
2012-10-21,25.213999999999942
2012-10-22,25.307999999999993
2012-10-23,25.371999999999844
2012-10-24,25.371999999999844
2012-10-25,25.384000000000015
2012-10-26,25.424999999999955
2012-10-27,25.45399999999995
2012-10-28,25.47199999999998
2012-10-29,25.548000000000002
2012-10-30,25.53599999999983
2012-10-31,25.482999999999947
2012-11-01,25.442000000000007
2012-11-02,25.435999999999922
2012-11-03,25.47699999999986
2012-11-04,25.429999999999836
2012-11-05,25.406999999999925
2012-11-06,25.464999999999918
2012-11-07,25.423999999999978
2012-11-08,24.83499999999981
2012-11-09,24.396999999999935
2012-11-10,23.958999999999833
2012-11-11,23.394000000000005
2012-11-12,22.807999999999993
2012-11-13,22.208999999999833
2012-11-14,21.69699999999989
2012-11-15,21.347999999999956
2012-11-16,20.86999999999989
2012-11-17,20.45699999999988
2012-11-18,20.07399999999984
2012-11-19,19.63499999999999
2012-11-20,19.194999999999936
2012-11-21,18.832999999999856
2012-11-22,18.482999999999947
2012-11-23,17.94699999999989
2012-11-24,17.440999999999804
2012-11-25,17.03800000000001
2012-11-26,16.447999999999865
2012-11-27,15.91099999999983
2012-11-28,15.398999999999887
2012-11-29,14.839999999999918
2012-11-30,14.348999999999933
2012-12-01,13.856999999999971
2012-12-02,13.349999999999909
2012-12-03,12.810999999999922
2012-12-04,12.307000000000016
2012-12-05,11.74499999999989
2012-12-06,11.789999999999964
2012-12-07,12.090999999999894
2012-12-08,12.409999999999854
2012-12-09,12.804999999999836
2012-12-10,13.197999999999865
2012-12-11,13.534999999999854
2012-12-12,13.8449999999998
2012-12-13,14.16099999999983
2012-12-14,14.49499999999989
2012-12-15,14.84699999999998
2012-12-16,15.173999999999978
2012-12-17,15.5
2012-12-18,15.731999999999971
2012-12-19,15.687999999999874
2012-12-20,15.538000000000011
2012-12-21,15.375
2012-12-22,15.111999999999853
2012-12-23,15.017999999999802
2012-12-24,15.105999999999995
2012-12-25,15.356999999999971
2012-12-26,15.488999999999805
2012-12-27,15.726999999999862
2012-12-28,15.976999999999862
2012-12-29,16.225999999999885
2012-12-30,16.33199999999988
2012-12-31,16.394999999999982
2013-01-01,16.43899999999985
2013-01-02,16.656999999999925
2013-01-03,16.830999999999904
2013-01-04,16.954999999999927
2013-01-05,17.097999999999956
2013-01-06,17.246999999999844
2013-01-07,17.35199999999986
2013-01-08,17.482999999999947
2013-01-09,17.531999999999925
2013-01-10,17.625
2013-01-11,17.717999999999847
2013-01-12,17.27299999999991
2013-01-13,15.299499999999853
2013-01-14,13.325999999999794
2013-01-15,11.352499999999736
2013-01-16,9.378999999999678
2013-01-17,7.40549999999962
2013-01-18,5.431999999999562
2013-01-19,3.4584999999995034
2013-02-16,1.4849999999999
2013-02-17,
2013-02-18,
2013-02-19,
2013-02-20,
2013-02-21,
2013-02-22,
2013-02-23,
2013-02-24,
2013-02-25,
2013-02-26,
2013-02-27,
2013-02-28,
2013-03-01,
2013-03-02,
2013-03-03,
2013-03-04,
2013-03-05,
2013-03-06,
2013-03-07,
2013-03-08,
2013-03-09,
2013-03-10,
2013-03-11,
2013-03-12,
2013-03-13,
2013-03-14,
2013-03-15,
2013-03-16,
2013-03-17,
2013-03-18,
2013-03-19,
2013-03-20,
2013-03-21,
2013-03-22,
2013-03-23,
2013-03-24,
2013-03-25,
2013-03-26,
2013-04-02,
2013-04-03,
2013-04-04,
2013-04-05,
2013-04-06,
2013-04-07,
2013-04-08,
2013-04-09,
2013-04-10,
2013-04-11,
2013-04-12,
2013-04-13,
2013-04-14,
2013-04-15,
2013-04-16,
2013-04-17,
2013-04-18,
2013-04-19,
2013-04-20,
2013-04-21,
2013-04-22,
2013-04-23,
2013-04-25,
2013-04-26,
2013-04-28,
2013-04-29,
2013-05-01,
2013-05-02,
2013-05-04,
2013-05-05,
2013-05-07,
2013-05-08,
2013-05-10,
2013-05-11,
2013-05-13,
2013-05-14,
2013-05-16,
2013-05-17,
2013-05-19,
2013-05-20,
2013-05-22,
2013-05-24,
2013-05-25,
2013-05-26,
2013-05-28,
2013-05-29,
2013-05-31,
2013-06-01,
2013-06-03,
2013-06-04,
2013-06-06,
2013-06-07,
2013-06-08,
2013-06-09,
2013-06-10,
2013-06-12,
2013-06-13,
2013-06-15,
2013-06-16,
2013-06-18,
2013-06-19,
2013-06-21,
2013-06-22,
2013-06-24,
2013-06-25,9.96699999999987
2013-06-26,10.405999999999949
2013-06-28,10.057000000000016
2013-06-29,10.14799999999991
2013-07-01,9.52599999999984
2013-07-29,8.63599999999974
2013-07-30,7.74599999999964
2013-07-31,6.85599999999954
2013-08-02,5.96599999999944
2013-08-03,5.07599999999934
2013-08-05,4.18599999999924
2013-08-06,3.2959999999998217
2013-08-07,3.4299999999998363
2013-08-10,5.526999999999816
2013-08-13,5.843999999999824
2013-08-14,8.980999999999767
2013-08-15,11.795999999999822
2013-08-16,13.471000000000004
2013-08-17,14.108999999999924
2013-08-18,14.392999999999802
2013-08-19,14.108999999999924
2013-08-20,13.875
2013-08-21,13.67899999999986
2013-08-22,13.336000000000013
2013-08-23,12.840999999999894
2013-08-24,12.43899999999985
2013-08-25,12.087999999999965
2013-08-26,13.024499999999989
2013-08-27,15.753999999999905
2013-08-28,17.138500000000022
2013-08-29,18.733999999999924
2013-08-30,20.19399999999996
2013-08-31,21.635999999999967
2013-09-01,23.54099999999994
2013-09-02,24.89799999999991
2013-09-03,25.66899999999987
2013-09-04,25.973999999999933
2013-09-05,26.061999999999898
2013-09-06,26.067000000000007
2013-09-07,26.03800000000001
2013-09-08,26.013999999999896
2013-09-09,25.978999999999814
2013-09-10,25.937999999999874
2013-09-11,25.87299999999982
2013-09-12,25.819999999999936
2013-09-13,25.79099999999994
2013-09-14,25.79599999999982
2013-09-15,25.75499999999988
2013-09-16,25.749000000000024
2013-09-17,25.707999999999856
2013-09-18,25.189999999999827
2013-09-19,24.811999999999898
2013-09-20,24.43399999999997
2013-09-21,23.99499999999989
2013-09-22,23.697999999999865
2013-09-23,23.394000000000005
2013-09-24,23.0179999999998
2013-09-25,22.676999999999907
2013-09-26,22.46699999999987
2013-09-27,22.478999999999814
2013-09-28,22.63499999999999
2013-09-29,23.261999999999944
2013-09-30,23.875
2013-10-01,24.455999999999904
2013-10-02,24.963999999999942
2013-10-03,25.311999999999898
2013-10-04,25.464999999999918
2013-10-05,25.605000000000018
2013-10-06,25.704999999999927
2013-10-07,25.75799999999981
2013-10-08,25.704999999999927
2013-10-09,25.708000000000084
2013-10-10,25.69899999999984
2013-10-11,25.651999999999816
2013-10-12,25.692000000000007
2013-10-13,25.692000000000007
2013-10-14,25.70399999999995
2013-10-15,25.66899999999987
2013-10-16,25.621999999999844
2013-10-17,25.597999999999956
2013-10-18,25.626999999999953
2013-10-19,25.626999999999953
2013-10-20,25.597999999999956
2013-10-21,25.579999999999927
2013-10-22,25.567999999999984
2013-10-23,25.54399999999987
2013-10-24,25.531999999999925
2013-10-25,25.53800000000001
2013-10-26,25.52599999999984
2013-10-27,25.490999999999985
2013-10-28,24.396199999999908
2013-10-29,23.30139999999983
2013-10-30,22.206599999999753
2013-10-31,21.111799999999675
2013-11-01,20.016999999999598
2013-11-02,18.92219999999952
2013-11-03,17.827399999999443
2013-11-04,16.732599999999366
2013-11-05,15.637799999999288
2013-11-29,14.542999999999893
2013-11-30,14.113999999999805
2013-12-01,13.615000000000009
2013-12-02,13.088999999999942
2013-12-03,
2015-02-09,
2015-02-10,
2015-02-11,
2015-02-12,
2015-02-13,
2015-02-14,
2015-02-15,
2015-02-16,
2015-02-17,
2015-02-18,
2015-02-19,23.07399999999984
2015-02-20,23.182000000000016
2015-02-21,23.307000000000016
2015-02-22,23.455999999999904
2015-02-23,23.551999999999907
2015-02-24,23.676999999999907
2015-02-25,23.88499999999999
2015-02-26,24.00999999999999
2015-02-27,24.098999999999933
2015-02-28,24.214999999999918
2015-03-01,23.81399999999985
2015-03-02,23.27800000000002
2015-03-03,22.830999999999904
2015-03-04,22.338999999999942
2015-03-05,21.840999999999894
2015-03-06,21.309999999999945
2015-03-07,20.776999999999816
2015-03-08,20.25499999999988
2015-03-09,19.70699999999988
2015-03-10,19.17599999999993
2015-03-11,18.715999999999894
2015-03-12,18.167999999999893
2015-03-13,17.576000000000022
2015-03-14,16.94399999999996
2015-03-15,16.29099999999994
2015-03-16,15.685999999999922
2015-03-17,15.033999999999878
2015-03-18,14.34199999999987
2015-03-19,13.735999999999876
2015-03-20,13.101999999999862
2015-03-21,13.089999999999918
2015-03-22,13.279999999999973
2015-03-23,13.558999999999969
2015-03-24,13.824999999999818
2015-03-25,14.077999999999975
2015-03-26,14.361999999999853
2015-03-27,14.670999999999822
2015-03-28,14.909999999999854
2015-03-29,15.166999999999916
2015-03-30,15.398999999999887
2015-03-31,15.587999999999965
2015-04-01,14.980000000000018
2015-04-02,14.311999999999898
2015-04-03,13.661999999999807
2015-04-04,13.001999999999953
2015-04-05,12.339999999999918
2015-04-06,11.649999999999864
2015-04-07,10.944999999999936
2015-04-08,10.255999999999858
2015-04-09,9.504999999999882
2015-04-10,8.666999999999916
2015-04-11,7.727999999999838
2015-04-12,6.742999999999938
2015-04-13,5.647999999999911
2015-04-14,4.798999999999978
2015-04-15,4.339999999999918
2015-04-16,3.9659999999998945
2015-04-17,3.66599999999994
2015-04-18,3.4179999999998927
2015-04-19,3.189999999999827
2015-04-20,2.9689999999998236
2015-04-21,2.74799999999982
2015-04-22,2.5329999999999018
2015-04-23,2.4049999999999727
2015-04-24,2.2972500000000764
2015-04-25,2.1894999999999527
2015-04-26,2.081749999999829
2015-04-27,1.9739999999999327
2015-04-28,1.8659999999999854
2015-04-29,1.7309999999999945
2015-04-30,1.6639999999999873
2015-05-01,1.6169999999999618
2015-05-02,1.5289999999999964
2015-05-03,1.4409999999998035
2015-05-04,1.3669999999999618
2015-05-05,1.2989999999999782
2015-05-06,1.2590000000000146
2015-05-07,1.224999999999909
2015-05-08,1.1569999999999254
2015-05-09,1.1299999999998818
2015-05-10,1.1099999999999
2015-05-11,1.0489999999999782
2015-05-12,0.9949999999998909
2015-05-13,0.9679999999998472
2015-05-14,0.9479999999998654
2015-05-15,0.8799999999998818
2015-05-16,1.6589999999998781
2015-05-17,2.5559999999998126
2015-05-18,3.481999999999971
2015-05-19,4.44399999999996
2015-05-20,5.453999999999951
2015-05-21,6.649999999999864
2015-05-22,7.778999999999996
2015-05-23,8.797000000000025
2015-05-24,9.634000000000015
2015-05-25,10.209999999999809
2015-05-26,10.635999999999967
2015-05-27,10.661999999999807
2015-05-28,10.886999999999944
2015-05-29,11.573999999999842
2015-05-30,12.19399999999996
2015-05-31,12.901999999999816
2015-06-01,13.649999999999864
2015-06-02,14.199999999999818
2015-06-03,14.256999999999834
2015-06-04,14.357999999999947
2015-06-05,14.326999999999998
2015-06-06,14.111999999999853
2015-06-07,13.92899999999986
2015-06-08,14.011999999999944
2015-06-09,14.049999999999955
2015-06-10,14.15099999999984
2015-06-11,14.326999999999998
2015-06-12,14.276999999999816
2015-06-13,14.182000000000016
2015-06-14,14.125999999999976
2015-06-15,13.954999999999927
2015-06-16,14.049999999999955
2015-06-17,15.261499999999842
2015-06-18,16.09699999999998
2015-06-19,16.370999999999867
2015-06-20,16.047000000000025
2015-06-21,16.07199999999989
2015-06-22,16.704499999999825
2015-06-23,17.030499999999847
2015-06-24,16.80699999999979
2015-06-25,16.551999999999907
2015-06-26,15.934999999999945
2015-06-27,15.481166666666695
2015-06-28,15.027333333333445
2015-06-29,14.573500000000195
2015-06-30,14.119666666666944
2015-07-01,13.665833333333694
2015-07-11,13.211999999999989
2015-07-12,12.833999999999833
2015-07-13,12.57899999999995
2015-07-14,12.278999999999996
2015-07-15,11.972999999999956
2015-07-16,11.65300000000002
2015-07-17,11.588999999999942
2015-07-18,11.408999999999878
2015-07-19,10.959999999999809
2015-07-20,10.231999999999971
2015-07-21,9.875999999999976
2015-07-22,9.338999999999942
2015-07-23,9.000999999999976
2015-07-24,8.68899999999985
2015-07-25,8.707999999999856
2015-07-26,8.974999999999909
2015-07-27,8.714999999999918
2015-07-28,8.974999999999909
2015-07-29,9.571999999999889
2015-07-30,9.817999999999984
2015-07-31,12.004999999999882
2015-08-01,15.030333333333374
2015-08-02,16.71349999999984
2015-08-03,17.131583333333083
2015-08-04,17.048333333333176
2015-08-05,16.657416666666677
2015-08-06,16.31441666666683
2015-08-07,15.898083333333261
2015-08-08,15.472083333333103
2015-08-09,14.97866666666664
2015-08-10,14.342249999999922
2015-08-11,13.903416666666544
2015-08-12,13.033500000000231
2015-08-13,11.969166666666752
2015-08-14,11.09174999999982
2015-08-15,10.877999999999929
2015-08-16,10.360583333333352
2015-08-17,9.677999999999884
2015-08-18,8.790666666666539
2015-08-19,7.7719999999999345
2015-08-20,6.791166666666641
2015-08-21,6.123749999999973
2015-08-22,5.424333333333152
2015-08-23,4.982083333333321
2015-08-24,4.671166666666522
2015-08-25,4.56699999999978
2015-08-26,5.4553333333333285
2015-08-27,6.832333333333054
2015-08-28,8.387249999999995
2015-08-29,9.833583333333308
2015-08-30,11.105249999999842
2015-08-31,12.324583333333067
2015-09-01,13.361333333333278
2015-09-02,14.166999999999916
2015-09-03,14.844083333333174
2015-09-04,15.522166666666408
2015-09-05,16.26359999999977
2015-09-06,17.082999999999856
2015-09-07,17.80699999999979
2015-09-08,18.52800000000002
2015-09-09,19.20550000000003
2015-09-10,20.011999999999716
2015-09-11,20.59199999999987
2015-09-12,21.076999999999998
2015-09-13,20.610499999999774
2015-09-14,20.227999999999838
2015-09-15,19.55099999999993
2015-09-16,18.778999999999996
2015-09-17,18.342999999999847
2015-09-18,17.73199999999997
2015-09-19,17.044999999999845
2015-09-20,16.347999999999956
2015-09-21,15.652000000000044
2015-09-22,14.983999999999924
2015-09-23,14.184999999999945
2015-09-24,13.329999999999927
2015-09-25,12.465999999999894
2015-09-26,11.621999999999844
2015-09-27,10.722999999999956
2015-09-28,9.754999999999882
2015-09-29,8.936999999999898
2015-09-30,8.20699999999988
2015-10-01,8.010999999999967
2015-10-02,8.552999999999884
2015-10-03,9.307000000000016
2015-10-04,10.135999999999967
2015-10-05,10.88299999999981
2015-10-06,11.588999999999942
2015-10-07,12.215999999999894
2015-10-08,12.788999999999987
2015-10-09,13.398999999999887
2015-10-10,14.087999999999965
2015-10-11,14.679999999999836
2015-10-12,15.182999999999993
2015-10-13,15.621999999999844
2015-10-14,16.052999999999884
2015-10-15,16.43899999999985
2015-10-16,16.83699999999999
2015-10-17,17.202999999999975
2015-10-18,17.524999999999864
2015-10-19,17.846000000000004
2015-10-20,18.173000000000002
2015-10-21,18.523999999999887
2015-10-22,18.830999999999904
2015-10-23,19.09199999999987
2015-10-24,19.352999999999838
2015-10-25,19.613999999999805
2015-10-26,19.90099999999984
2015-10-27,20.131999999999834
2015-10-28,20.386999999999944
2015-10-29,20.708999999999833
2015-10-30,21.0
2015-10-31,21.289999999999964
2015-11-01,21.57399999999984
2015-11-02,21.75999999999999
2015-11-03,21.937999999999874
2015-11-04,22.138999999999896
2015-11-05,22.378999999999905
2015-11-06,22.583000000000084
2015-11-07,22.156999999999925
2015-11-08,21.638999999999896
2015-11-09,21.15000000000009
2015-11-10,20.701999999999998
2015-11-11,20.0329999999999
2015-11-12,19.251999999999953
2015-11-13,18.225999999999885
2015-11-14,17.19399999999996
2015-11-15,16.055999999999813
2015-11-16,14.840999999999894
2015-11-17,13.521999999999935
2015-11-18,12.153999999999996
2015-11-19,10.717999999999847
2015-11-20,9.15300000000002
2015-11-21,7.226999999999862
2015-11-22,5.91599999999994
2015-11-23,5.253999999999905
2015-11-24,4.789999999999964
2015-11-25,4.40300000000002
2015-11-26,4.116999999999962
2015-11-27,3.8489999999999327
2015-11-28,3.5349999999998545
2015-11-29,3.313999999999851
2015-11-30,3.1599999999998545
2015-12-01,2.910999999999831
2015-12-02,2.7229999999999563
2015-12-03,2.58199999999988
2015-12-04,2.4139999999999873
2015-12-05,2.2789999999999964
2015-12-06,2.548000000000002
2015-12-07,3.5949999999998
2015-12-08,4.528999999999996
2015-12-09,5.6039999999998145
2015-12-10,6.488999999999805
2015-12-11,7.244999999999891
2015-12-12,7.8940000000000055
2015-12-13,8.423000000000002
2015-12-14,8.929999999999836
2015-12-15,9.442999999999984
2015-12-16,9.8449999999998
2015-12-17,10.167999999999893
2015-12-18,10.444999999999936
2015-12-19,10.72199999999998
2015-12-20,11.017999999999802
2015-12-21,11.293999999999869
2015-12-22,11.524999999999864
2015-12-23,11.754999999999882
2015-12-24,11.99799999999982
2015-12-25,12.208999999999833
2015-12-26,12.388857142856978
2015-12-27,12.568714285714123
2015-12-28,12.748571428571267
2015-12-29,12.928428571428412
2015-12-30,13.108285714285557
2015-12-31,13.288142857142702
2016-01-01,13.467999999999847
2016-01-02,13.61999999999989
2016-01-03,13.746999999999844
2016-01-04,13.942999999999984
2016-01-05,14.163999999999987
2016-01-06,14.314999999999827
2016-01-07,14.53599999999983
2016-01-08,14.705999999999904
2016-01-09,14.830999999999904
2016-01-10,14.987999999999829
2016-01-11,15.169999999999845
2016-01-12,15.295999999999822
2016-01-13,15.495999999999867
2016-01-14,15.702999999999975
2016-01-15,15.852999999999838
2016-01-16,16.039999999999964
2016-01-17,16.22699999999986
2016-01-18,16.339999999999918
2016-01-19,16.445999999999913
2016-01-20,16.625999999999976
2016-01-21,16.712999999999965
2016-01-22,16.861999999999853
2016-01-23,16.986999999999853
2016-01-24,17.173000000000002
2016-01-25,17.339999999999918
2016-01-26,17.549999999999955
2016-01-27,17.692999999999984
2016-01-28,17.865999999999985
2016-01-29,18.02599999999984
2016-01-30,18.161999999999807
2016-01-31,18.284999999999854
2016-02-01,18.384000000000015
2016-02-02,18.549999999999955
2016-02-03,18.74000000000001
2016-02-04,18.86299999999983
2016-02-05,18.991999999999962
2016-02-06,19.13299999999981
2016-02-07,19.260999999999967
2016-02-08,19.34699999999998
2016-02-09,19.48199999999997
2016-02-10,19.634000000000015
2016-02-11,19.725999999999885
2016-02-12,19.82399999999984
2016-02-13,19.866999999999962
2016-02-14,20.067999999999984
2016-02-15,20.23799999999983
2016-02-16,20.298999999999978
2016-02-17,20.414999999999964
2016-02-18,20.529999999999973
2016-02-19,20.687999999999874
2016-02-20,20.846000000000004
2016-02-21,20.972999999999956
2016-02-22,21.057999999999993
2016-02-23,21.19699999999989
2016-02-24,21.329999999999927
2016-02-25,21.45699999999988
2016-02-26,21.510999999999967
2016-02-27,21.71699999999987
2016-02-28,21.896999999999935
2016-03-01,21.98199999999997
2016-03-02,22.083999999999833
2016-03-03,22.13799999999992
2016-03-04,22.245999999999867
2016-03-05,22.34199999999987
2016-03-06,22.432999999999993
2016-03-07,22.192999999999984
2016-03-08,21.91599999999994
2016-03-09,21.66899999999987
2016-03-10,21.374000000000024
2016-03-11,21.028999999999996
2016-03-12,20.68399999999997
2016-03-13,20.44699999999989
2016-03-14,19.894000000000005
2016-03-15,19.2829999999999
2016-03-16,18.70699999999988
2016-03-17,18.202999999999975
2016-03-18,17.597999999999956
2016-03-19,17.021999999999935
2016-03-20,16.41300000000001
2016-03-21,15.713999999999942
2016-03-22,15.080999999999904
2016-03-23,14.408999999999878
2016-03-24,13.795999999999822
2016-03-25,13.580999999999904
2016-03-26,13.759000000000015
2016-03-27,13.954999999999927
2016-03-28,14.042999999999893
2016-03-29,14.204499999999825
2016-03-30,14.314999999999827
2016-03-31,14.472999999999956
2016-04-01,14.201999999999998
2016-04-02,13.82899999999995
2016-04-03,13.321999999999889
2016-04-04,12.648999999999887
2016-04-05,11.914999999999964
2016-04-06,11.134000000000015
2016-04-07,10.315999999999804
2016-04-08,9.41099999999983
2016-04-09,8.448999999999842
2016-04-10,7.42899999999986
2016-04-11,6.323999999999842
2016-04-12,5.378999999999905
2016-04-13,4.90099999999984
2016-04-14,4.475999999999885
2016-04-15,4.249000000000024
2016-04-16,3.92899999999986
2016-04-17,3.6749999999999545
2016-04-18,3.4139999999999873
2016-04-19,3.16599999999994
2016-04-20,2.9320000000000164
2016-04-21,2.7439999999999145
2016-04-22,3.2199999999998
2016-04-23,3.8899999999998727
2016-04-24,4.682999999999993
2016-04-25,5.995999999999867
2016-04-26,7.895999999999958
2016-04-27,9.626999999999953
2016-04-28,11.386999999999944
2016-04-29,12.492999999999938
2016-04-30,13.116999999999962
2016-05-01,13.560999999999922
2016-05-02,13.927999999999884
2016-05-03,14.3449999999998
2016-05-04,14.70399999999995
2016-05-05,15.017999999999802
2016-05-06,14.70399999999995
2016-05-07,14.848999999999933
2016-05-08,14.961999999999989
2016-05-09,15.444999999999936
2016-05-10,16.207999999999856
2016-05-11,16.842999999999847
2016-05-12,17.548999999999978
2016-05-13,18.432000000000016
2016-05-14,18.75799999999981
2016-05-15,18.9849999999999
2016-05-16,18.44399999999996
2016-05-17,18.203199999999924
2016-05-18,18.206500000000005
2016-05-19,18.257000000000062
2016-05-20,18.019999999999982
2016-05-21,17.679999999999836
2016-05-22,17.432999999999993
2016-05-23,17.14799999999991
2016-05-24,17.07399999999984
2016-05-25,16.83216666666658
2016-05-26,16.701499999999896
2016-05-27,
2016-05-28,
2016-05-29,
2016-05-30,
2016-05-31,
2016-06-01,
2016-06-02,
2016-06-03,
2016-06-04,
2016-06-05,
2016-10-09,17.161999999999807
2016-10-10,17.56866666666633
2016-10-11,18.16099999999983
2016-10-12,18.675666666666757
2016-10-13,19.13000000000011
2016-10-14,19.5476666666666
2016-10-15,20.00299999999993
2016-10-16,20.41266666666661
2016-10-17,20.752666666666528
2016-10-18,21.09999999999991
2016-10-19,21.40599999999972
2016-10-20,21.781666666666524
2016-10-21,22.11500000000001
2016-10-22,22.416999999999916
2016-10-23,22.720666666666602
2016-10-24,22.9996666666666
2016-10-25,23.282333333333327
2016-10-26,23.6099999999999
2016-10-27,23.98633333333305
2016-10-28,24.25499999999988
2016-10-29,24.426999999999907
2016-10-30,24.64799999999991
2016-10-31,24.899666666666462
2016-11-01,25.157333333333327
2016-11-02,25.34566666666683
2016-11-03,25.14133333333325
2016-11-04,24.763999999999896
2016-11-05,24.478000000000065
2016-11-06,24.238999999999805
2016-11-07,23.91433333333316
2016-11-08,23.354666666666617
2016-11-09,22.725666666666484
2016-11-10,22.115666666666584
2016-11-11,21.49499999999989
2016-11-12,20.901000000000067
2016-11-13,20.313666666666677
2016-11-14,19.72499999999968
2016-11-15,19.023666666666713
2016-11-16,18.274000000000115
2016-11-17,17.438333333333276
2016-11-18,16.613000000000056
2016-11-19,15.881666666666433
2016-11-20,15.136333333333141
2016-11-21,14.49299999999971
2016-11-22,14.011250000000018
2016-11-23,13.62166666666667
2016-11-24,13.323333333333267
2016-11-25,13.131000000000085
2016-11-26,12.868333333333112
2016-11-27,12.609333333333097
2016-11-28,12.420333333333247
2016-11-29,12.222333333333154
2016-11-30,11.941333333333432
2016-12-01,11.653333333333194
2016-12-02,11.375666666666575
2016-12-03,11.107999999999947
2016-12-04,10.831666666666479
2016-12-05,10.638333333333094
2016-12-06,10.638333333333094
2016-12-07,10.936333333333323
2016-12-08,11.383666666666613
2016-12-09,11.963999999999942
2016-12-10,12.480999999999995
2016-12-11,12.99666666666667
2016-12-12,13.520999999999958
2016-12-13,13.911999999999807
2016-12-20,15.395499999999856
2016-12-21,16.878999999999905
2016-12-22,17.033666666666477
2016-12-23,17.281999999999925
2016-12-24,17.535333333333256
2016-12-25,17.90599999999995
2016-12-26,18.150666666666666
2016-12-27,18.305000000000064
2016-12-28,18.5179999999998
2016-12-29,18.729000000000042
2016-12-30,18.926999999999907
2016-12-31,19.145999999999958
2017-01-01,19.35200000000009
2017-01-02,19.557666666666364
2017-01-03,19.71633333333307
2017-01-04,19.87299999999982
2017-01-05,20.083999999999833
2017-01-06,20.28466666666668
2017-01-07,20.488999999999805
2017-01-08,20.673333333333176
2017-01-09,20.857333333333372
2017-01-10,21.048666666666577
2017-01-11,21.215999999999894
2017-01-12,21.320999999999913
2017-01-13,21.424999999999955
2017-01-14,21.559999999999718
2017-01-15,21.7349999999999
2017-01-16,21.864000000000033
2017-02-28,24.25299999999993
2017-03-01,26.641999999999825
2017-03-02,26.49000000000001
2017-03-03,26.271999999999707
2017-03-04,26.107999999999947
2017-03-05,25.955666666666502
2017-03-06,25.756333333333032
2017-03-07,25.558666666666568
2017-03-08,25.272333333333336
2017-03-09,24.95399999999995
2017-03-10,24.666666666666742
2017-03-11,24.394333333333407
2017-03-12,24.06066666666652
2017-03-13,23.682000000000016
2017-03-14,23.200000000000045
2017-03-15,22.711333333333187
2017-03-16,22.22366666666653
2017-03-17,21.786666666666633
2017-03-18,21.355999999999995
2017-03-19,20.97699999999986
2017-03-20,20.579333333333125
2017-03-21,20.143666666666604
2017-03-22,19.72499999999968
2017-03-23,19.411666666666633
2017-03-24,19.037999999999784
2017-03-25,18.610666666666475
2017-03-26,18.15300000000002
2017-03-27,17.628333333333103
2017-03-28,16.8596666666665
2017-03-29,16.096333333333178
2017-03-30,15.182999999999765
2017-03-31,14.249333333333198
2017-04-01,13.298666666666577
2017-04-02,12.576333333333196
2017-04-03,11.982666666666546
2017-04-04,11.438333333333276
2017-04-05,10.967666666666446
2017-04-06,10.602999999999838
2017-04-07,10.274333333333061
2017-04-08,9.923333333333403
2017-04-09,9.56066666666652
2017-04-10,9.17566666666653
2017-04-11,8.72533333333331
2017-04-12,8.22333333333313
2017-04-13,7.7719999999999345
2017-04-14,7.457666666666455
2017-04-15,7.341999999999871
2017-04-16,7.569333333333134
2017-04-17,8.394666666666353
2017-04-18,10.14799999999991
2017-04-19,12.277666666666619
2017-04-20,13.486333333333278
2017-04-21,14.253666666666732
2017-04-22,14.894000000000005
2017-04-23,15.764666666666699
2017-04-24,16.639999999999873
2017-04-25,17.173999999999978
2017-04-26,17.79899999999975
2017-04-27,18.69566666666651
2017-04-28,19.695999999999913
2017-04-29,20.671666666666397
2017-04-30,21.52299999999991
2017-05-01,22.032666666666728
2017-05-02,21.972666666666555
2017-05-03,21.560999999999922
2017-05-04,20.96066666666661
2017-05-05,20.41266666666661
2017-05-06,19.91566666666654
2017-05-07,19.45399999999995
2017-05-08,19.115333333333183
2017-05-09,19.098999999999933
2017-05-10,19.28433333333328
2017-05-11,19.463999999999942
2017-05-12,19.931666666666615
2017-05-13,20.508000000000038
2017-05-14,21.256666666666433
2017-05-15,22.308666666666568
2017-05-16,23.490666666666584
2017-05-17,24.661666666666633
2017-05-18,25.727666666666664
2017-05-19,26.500333333333174
2017-05-20,26.568666666666786
2017-05-21,25.83366666666666
2017-05-22,24.791666666666742
2017-05-23,23.798666666666577
2017-05-24,23.031666666666524
2017-05-25,22.461000000000013
2017-05-26,21.69366666666633
2017-05-27,20.673666666666804
2017-05-28,19.345000000000027
2017-05-29,17.567999999999984
2017-05-30,16.160333333333483
2017-05-31,15.704666666666526
2017-06-01,15.531333333333123
2017-06-02,14.998333333333221
2017-06-03,14.957000000000107
2017-06-04,15.105333333333192
2017-06-05,15.39333333333343
2017-06-06,15.908999999999878
2017-06-07,16.277000000000044
2017-06-08,17.646666666666533
2017-06-09,18.26599999999985
2017-06-10,18.740999999999758
2017-06-11,19.414999999999964
2017-06-12,19.96666666666647
2017-06-13,20.055999999999813
2017-06-14,20.126999999999725
2017-06-15,20.2203333333332
2017-06-16,20.18433333333337
2017-06-17,19.814333333333252
2017-06-18,19.394999999999754
2017-06-19,18.782333333333327
2017-06-20,18.16099999999983
2017-06-21,17.657333333333327
2017-06-22,17.195333333333338
2017-06-23,16.702666666666573
2017-06-24,16.799666666666553
2017-06-25,17.35633333333317
2017-06-26,17.609666666666726
2017-06-27,16.44566666666651
2017-06-28,15.134999999999991
2017-06-29,15.71366666666654
2017-06-30,17.24833333333322
2017-07-01,16.146333333333132
2017-07-02,15.456666666666706
2017-07-03,14.638333333333321
2017-07-04,12.347666666666555
2017-07-05,11.701666666666597
2017-07-06,11.829666666666526
2017-07-07,12.12166666666667
2017-07-08,12.338333333333367
2017-07-09,12.339500000000044
2017-07-10,12.555333333333465
2017-07-11,12.634000000000015
2017-07-12,13.023999999999887
2017-07-13,13.41399999999976
2017-07-14,13.167666666666491
2017-07-15,13.059999999999945
2017-07-16,12.879999999999882
2017-07-17,12.081333333333305
2017-07-18,12.153666666666595
2017-07-19,12.9223333333332
2017-07-20,13.550666666666757
2017-07-21,13.736333333333278
2017-07-22,13.0625
2017-07-23,12.839999999999918
2017-07-24,12.219666666666626
2017-07-25,13.430999999999813
2017-07-26,14.46666666666647
2017-07-27,13.381333333333487
2017-07-28,12.24499999999989
2017-07-29,11.1400000000001
2017-07-30,11.74033333333341
2017-07-31,12.417666666666491
2017-08-01,12.939000000000078
2017-08-02,12.13599999999974
2017-08-03,10.85499999999979
2017-08-04,9.874333333333198
2017-08-05,9.938666666666677
2017-08-06,14.571333333333314
2017-08-07,16.755333333333283
2017-08-08,15.192333333333181
2017-08-09,13.652333333333218
2017-08-10,13.28466666666668
2017-08-11,13.2976666666666
2017-08-12,13.365000000000009
2017-08-13,15.061333333333096
2017-08-14,16.6099999999999
2017-08-15,16.60366666666664
2017-08-16,15.671999999999798
2017-08-17,14.252333333333127
2017-08-18,13.789333333333389
2017-08-19,15.020666666666557
2017-08-20,15.332666666666682
2017-08-21,15.154666666666571
2017-08-22,16.180000000000064
2017-08-23,18.198666666666668
2017-08-24,19.817000000000007
2017-08-25,20.711666666666815
2017-08-26,20.430333333333465
2017-08-27,18.829999999999927
2017-08-28,19.6400000000001
2017-08-29,21.527333333333218
2017-08-30,23.59699999999998
2017-08-31,25.394333333333407
2017-09-01,26.298000000000002
2017-09-02,26.589999999999918
2017-09-03,26.59199999999987
2017-09-04,26.52599999999984
2017-09-05,26.439999999999827
2017-09-06,26.376999999999953
2017-09-07,26.34666666666658
2017-09-08,26.259000000000015
2017-09-09,26.194666666666535
2017-09-10,26.09333333333325
2017-09-11,26.027333333333218
2017-09-12,25.98999999999978
2017-09-13,26.007666666666637
2017-09-14,26.01133333333314
2017-09-15,26.02299999999991
2017-09-16,25.899999999999864
2017-09-17,25.36166666666668
2017-09-18,24.486333333333278
2017-09-19,24.176666666666506
2017-09-20,23.992999999999938
2017-09-21,23.756999999999834
2017-09-22,23.461333333333414
2017-09-23,23.143333333333203
2017-09-24,22.80066666666653
2017-09-25,22.427999999999884
2017-09-26,22.11499999999978
2017-09-27,21.727666666666664
2017-09-28,21.270999999999958
2017-09-29,20.7973333333332
2017-09-30,20.45900000000006
2017-10-01,20.2346666666665
2017-10-02,20.357333333333145
2017-10-03,20.83366666666643
2017-10-04,21.30933333333337
2017-10-05,21.789999999999964
2017-10-06,22.29099999999994
2017-10-07,22.798666666666577
2017-10-08,23.316333333333205
2017-10-09,23.787000000000035
2017-10-10,24.192666666666582
2017-10-11,24.595000000000027
2017-10-12,24.955666666666502
2017-10-13,25.296666666666397
2017-10-14,25.641999999999825
2017-10-15,25.726333333333287
2017-10-16,25.673333333333176
2017-10-17,25.62266666666642
2017-10-18,25.581333333333305
2017-10-19,25.540333333333137
2017-10-20,25.58533333333321
2017-10-21,25.581333333333305
2017-10-22,25.52266666666651
2017-10-23,25.503333333333103
2017-10-24,25.51099999999974
2017-10-25,25.540333333333137
2017-10-26,25.50133333333315
2017-10-27,25.495333333333292
2017-10-28,25.524999999999864
2017-10-29,25.549999999999955
2017-10-30,25.530666666666548
2017-10-31,25.487333333333254
2017-11-01,25.475999999999885
2017-11-02,25.48400000000015
2017-11-03,25.48199999999997
2017-11-04,25.45033333333322
2017-11-05,25.44066666666663
2017-11-06,25.458333333333258
2017-11-07,25.419000000000096
2017-11-08,25.408999999999878
2017-11-09,25.438666666666677
2017-11-10,25.39933333333306
2017-11-11,25.12299999999982
2017-11-12,24.66233333333321
2017-11-13,24.154999999999973
2017-11-14,23.638333333333094
2017-11-15,23.097999999999956
2017-11-16,22.568999999999733
2017-11-17,22.11499999999978
2017-11-18,21.617666666666764
2017-11-19,21.08366666666643
2017-11-20,20.54866666666635
2017-11-21,19.97499999999991
2017-11-22,19.376666666666324
2017-11-23,18.743333333333112
2017-11-24,18.07899999999995
2017-11-25,17.28599999999983
2017-11-26,16.683666666666568
2017-11-27,15.96699999999987
2017-11-28,15.245333333333292
2017-11-29,14.452999999999975
2017-11-30,13.537000000000035
2017-12-01,12.405666666666548
2017-12-02,10.819333333333134
2017-12-03,9.841333333333523
2017-12-04,9.008999999999787
2017-12-05,8.48833333333323
2017-12-06,9.077999999999975
2017-12-07,10.445333333333338
2017-12-08,11.638666666666495
2017-12-09,12.501666666666551
2017-12-10,13.270666666666557
2017-12-11,13.95033333333322
2017-12-12,14.493000000000166
2017-12-13,15.01966666666658
2017-12-14,15.52299999999991
2017-12-15,15.990000000000009
2017-12-16,16.401666666666642
2017-12-17,16.776999999999816
2017-12-18,17.146999999999935
2017-12-19,17.491999999999962
2017-12-20,17.780333333333374
2017-12-21,18.04399999999987
2017-12-22,18.351666666666688
2017-12-23,18.646999999999935
2017-12-24,18.867666666666537
2017-12-25,19.102666666666664
2017-12-26,19.30899999999997
2017-12-27,19.49666666666667
2017-12-28,19.84033333333332
2017-12-29,20.14899999999966
2017-12-30,20.34366666666665
2017-12-31,20.4996666666666
2018-01-01,20.699999999999818
2018-01-02,20.88799999999992
2018-01-03,21.08566666666661
2018-01-04,21.224666666666735
2018-01-05,21.426333333333332
2018-01-06,21.666999999999916
2018-01-07,21.807999999999993
2018-01-08,21.966333333333296
2018-01-09,22.126999999999725
2018-01-10,22.264999999999645
2018-01-11,22.383000000000038
2018-01-12,22.47299999999973
2018-01-13,22.602999999999838
2018-01-14,22.700999999999794
2018-01-15,22.84199999999987
2018-01-16,22.913999999999987
2018-01-17,23.09133333333307
2018-01-18,23.244333333333316
2018-01-19,23.354000000000042
2018-01-20,23.452999999999747
2018-01-21,23.54433333333327
2018-01-22,23.64766666666651
2018-01-23,23.764333333333298
2018-01-24,23.879333333333307
2018-01-25,24.01800000000003
2018-01-26,24.144666666666353
2018-01-27,24.29266666666649
2018-01-28,24.462333333333163
2018-01-29,24.59866666666653
2018-01-30,24.740333333333183
2018-01-31,24.787999999999784
2018-02-01,24.84400000000005
2018-02-02,24.932999999999993
2018-02-03,24.94699999999989
2018-02-04,24.99799999999982
2018-02-05,25.021666666666533
2018-02-06,25.001999999999953
2018-02-07,24.991999999999962
2018-02-08,25.01599999999985
2018-02-09,25.035333333333256
2018-02-10,25.076999999999998
2018-02-11,25.07899999999995
2018-02-12,25.055333333333238
2018-02-13,24.982333333333372
2018-02-14,24.99799999999982
2018-02-15,25.001999999999953
2018-02-16,25.031333333333123
2018-02-17,25.076666666666597
2018-02-18,25.07266666666669
2018-02-19,25.082000000000107
2018-02-20,25.123666666666622
2018-02-21,25.113999999999805
2018-02-22,25.06866666666656
2018-02-23,25.07833333333315
2018-02-24,25.084333333333234
2018-02-25,25.07066666666651
2018-02-26,25.067000000000007
2018-02-27,25.054999999999836
2018-02-28,25.07066666666651
2018-03-01,25.084333333333234
2018-03-02,25.015333333333274
2018-03-03,25.025333333333265
2018-03-04,25.09400000000005
2018-03-05,25.08233333333328
2018-03-06,24.916999999999916
2018-03-07,24.68266666666659
2018-03-08,24.3929999999998
2018-03-09,24.09866666666653
2018-03-10,23.795666666666648
2018-03-11,23.529999999999973
2018-03-12,23.257249999999885
2018-03-13,22.98849999999993
2018-03-14,22.72849999999994
2018-03-15,22.470000000000027
2018-03-16,22.217999999999847
2018-03-17,21.987666666666655
2018-03-18,21.756999999999834
2018-03-19,21.52924999999982
2018-03-20,21.30433333333326
2018-03-21,21.058333333333394
2018-03-22,20.789999999999964
2018-03-23,20.46225000000004
2018-03-24,20.08699999999999
2018-03-25,19.71699999999987
2018-03-26,19.273333333333312
2018-03-27,18.735999999999876
2018-03-28,18.214999999999918
2018-03-29,17.743999999999915
2018-03-30,17.288333333333185
2018-03-31,16.74633333333327
2018-04-01,15.984333333333097
2018-04-02,15.182999999999993
2018-04-03,14.426666666666506
2018-04-04,13.495666666666466
2018-04-05,12.240333333333183
2018-04-06,10.334666666666635
2018-04-07,9.115666666666584
2018-04-08,8.269333333333407
2018-04-09,7.772999999999911
2018-04-10,7.480000000000018
2018-04-11,7.259333333333188
2018-04-12,7.119333333333316
2018-04-13,6.935333333333347
2018-04-14,6.683333333333167
2018-04-15,6.457333333333509
2018-04-16,6.2946666666666715
2018-04-17,6.254999999999882
2018-04-18,7.064333333333025
2018-04-19,8.040333333333137
2018-04-20,8.56033333333312
2018-04-21,8.403999999999769
2018-04-22,8.029666666666571
2018-04-23,7.665666666666539
2018-04-24,7.436333333333096
2018-04-25,8.207666666666455
2018-04-26,9.8126666666667
2018-04-27,11.521999999999935
2018-04-28,12.56566666666663
2018-04-29,12.656999999999925
2018-04-30,12.127666666666528
2018-05-01,11.641999999999825
2018-05-02,11.391666666666424
2018-05-03,11.15433333333317
2018-05-04,10.144999999999754
2018-05-05,9.006999999999834
2018-05-06,8.334666666666635
2018-05-07,7.8659999999999854
2018-05-08,7.556333333333214
2018-05-09,7.285333333333256
2018-05-10,7.64133333333325
2018-05-11,9.08666666666636
2018-05-12,10.46566666666672
2018-05-13,11.903333333332967
2018-05-14,13.693333333333385
2018-05-15,15.13299999999981
2018-05-16,15.254999999999882
2018-05-17,14.864333333333207
2018-05-18,14.198999999999842
2018-05-19,13.40433333333317
2018-05-20,12.410333333333256
2018-05-21,10.941333333333205
2018-05-22,9.333666666666659
2018-05-23,8.21666666666647
2018-05-24,7.466999999999871
2018-05-25,7.055666666666639
2018-05-26,6.722333333333154
2018-05-27,6.443333333333385
2018-05-28,6.40433333333317
2018-05-29,7.217999999999847
2018-05-30,9.055499999999938
2018-05-31,9.903999999999769
2018-06-01,9.839333333333116
2018-06-02,9.46366666666654
2018-06-03,9.263500000000022
2018-06-04,9.454999999999927
2018-06-05,10.20366666666655
2018-06-06,10.99133333333316
2018-06-07,11.586000000000013
2018-06-08,11.959333333333234
2018-06-09,11.96566666666672
2018-06-10,11.568999999999733
2018-06-11,10.943999999999733
2018-06-12,10.82866666666655
2018-06-13,10.847666666666555
2018-06-14,11.370333333333292
2018-06-15,11.395999999999958
2018-06-16,10.824333333333243
2018-06-17,11.884000000000015
2018-06-18,15.352599999999711
2018-06-19,15.501999999999725
2018-06-20,14.566666666666379
2018-06-21,15.493999999999915
2018-06-22,16.646666666666533
2018-06-23,15.739499999999907
2018-06-24,12.44066666666663
2018-06-25,10.389499999999998
2018-06-26,9.591249999999945
2018-06-27,8.792999999999893
2018-06-28,8.545333333333247
2018-06-29,8.210666666666611
2018-06-30,7.837999999999965
2018-07-01,7.584666666666635
2018-07-02,7.270333333333156
2018-07-03,6.9659999999998945
2018-07-04,6.698333333333267
2018-07-05,6.487666666666655
2018-07-06,6.280999999999949
2018-07-07,6.061333333333323
2018-07-08,5.900666666666666
2018-07-09,7.272333333333108
2018-07-10,8.517000000000053
2018-07-11,8.180000000000064
2018-07-12,7.79433333333327
2018-07-13,7.405999999999949
2018-07-14,7.013999999999896
2018-07-15,6.643666666666604
2018-07-16,6.2903333333331375
2018-07-17,5.977666666666664
2018-07-18,5.708666666666659
2018-07-19,5.501333333333378
2018-07-20,5.2826666666665005
2018-07-21,5.0856666666666115
2018-07-22,4.89766666666651
2018-07-23,4.727000000000089
2018-07-24,4.564999999999827
2018-07-25,4.433999999999969
2018-07-26,4.476999999999862
2018-07-27,5.747857142856901
2018-07-28,7.018714285713941
2018-07-29,8.28957142857098
2018-07-30,9.56042857142802
2018-07-31,10.831285714285059
2018-08-01,12.102142857142098
2018-08-02,13.37299999999982
2018-08-03,
2018-08-04,
2018-08-05,
2018-08-06,
2018-08-07,
2018-08-08,
2018-08-09,
2018-08-10,
2018-08-11,
2018-08-12,
2018-08-13,
2018-08-14,
2018-08-15,
2018-08-16,
2018-08-17,
2018-08-18,
2018-08-19,
2018-08-20,
2018-08-21,
2018-08-22,
2018-08-23,
2018-08-24,
2018-08-25,
2018-08-26,
2018-08-27,
2018-08-28,
2018-08-29,12.118999999999915
2018-08-30,
2018-08-31,
2018-09-01,
2018-09-02,
2018-09-03,
2018-09-04,
2018-09-05,
2018-09-06,
2018-09-07,
2018-09-08,
2018-09-09,
2018-09-10,
2018-09-11,
2018-09-12,
2018-09-13,
2018-09-14,
2018-09-15,
2018-09-16,
2018-09-17,
2018-09-18,
2018-09-19,
2018-09-20,
2018-09-21,
2018-09-22,
2018-09-23,
2018-09-24,
2018-09-25,
2018-09-26,
2018-09-27,
2018-09-28,
2018-09-29,
2018-09-30,
2018-10-01,
2018-10-02,
2018-10-03,
2018-10-04,
2018-10-05,
2018-10-06,
2018-10-07,
2018-10-08,
2018-10-09,
2018-10-10,
2018-10-11,
2018-10-12,
2018-10-13,
2018-10-14,
2018-10-15,
2018-10-16,
2018-10-17,
2018-10-18,
2018-10-19,
2018-10-20,
2018-10-21,
2018-10-22,
2018-10-23,
2018-10-24,
2018-10-25,
2018-10-26,
2018-10-27,
2018-10-28,
2018-10-29,
2018-10-30,
2018-10-31,
2018-11-01,
2018-11-02,
2018-11-03,
2018-11-04,
2018-11-05,
2018-11-06,
2018-11-07,
2018-11-08,
2018-11-09,
2018-11-10,
2018-11-11,
2018-11-12,
2018-11-13,
2018-11-14,
2018-11-15,
2018-11-16,
2018-11-17,
2018-11-18,
2018-11-19,
2018-11-20,
2018-11-21,
2018-11-22,
2018-11-23,
2018-11-24,
2018-11-25,
2018-11-26,11.627999999999929
2018-11-27,10.819999999999936
2018-11-28,10.17899999999986
2018-11-29,9.324999999999818
2018-11-30,8.760999999999967
2018-12-01,8.15300000000002
2018-12-02,7.369999999999891
2018-12-03,7.069999999999936
2018-12-04,6.586000000000013
2018-12-05,6.157999999999902
2018-12-06,5.819999999999936
2018-12-07,5.557999999999993
2018-12-08,5.658999999999878
2018-12-09,6.41599999999994
2018-12-10,7.783999999999878
2018-12-11,9.107999999999947
2018-12-12,10.225999999999885
2018-12-13,11.059999999999945
2018-12-14,11.75799999999981
2018-12-15,12.375999999999976
2018-12-16,12.911999999999807
2018-12-17,13.40300000000002
2018-12-18,13.875999999999976
2018-12-19,14.288000000000011
2018-12-20,14.721000000000004
2018-12-21,15.153999999999996
2018-12-22,15.607999999999947
2018-12-23,15.946999999999889
2018-12-24,16.240999999999985
2018-12-25,16.548999999999978
2018-12-26,16.815999999999804
2018-12-27,17.145499999999856
2018-12-28,17.47499999999991
2018-12-29,17.72199999999998
2018-12-30,17.940999999999804
2018-12-31,18.184999999999945
2019-01-01,18.399999999999864
2019-01-02,18.57899999999995
2019-01-03,18.798000000000002
2019-01-04,19.01299999999992
2019-01-05,19.12299999999982
2019-01-06,19.352999999999838
2019-01-07,19.55899999999997
2019-01-08,19.664999999999964
2019-01-09,19.78099999999995
2019-01-10,19.92599999999993
2019-01-11,20.039999999999964
2019-01-12,20.105999999999995
2019-01-13,20.128999999999905
2019-01-14,20.158999999999878
2019-01-15,20.120999999999867
2019-01-16,20.064999999999827
2019-01-17,20.052999999999884
2019-01-18,20.051999999999907
2019-01-19,20.044999999999845
2019-01-20,20.124000000000024
2019-01-21,20.054999999999836
2019-01-22,20.029999999999973
2019-01-23,19.991999999999962
2019-01-24,20.003999999999905
2019-01-25,20.059999999999945
2019-01-26,20.062999999999874
2019-01-27,20.04599999999982
2019-01-28,20.021999999999935
2019-01-29,19.968999999999824
2019-01-30,20.029999999999973
2019-01-31,20.03099999999995
2019-02-01,19.911999999999807
2019-02-02,19.909999999999854
2019-02-03,19.932999999999993
2019-02-04,19.894000000000005
2019-02-05,19.836000000000013
2019-02-06,19.801999999999907
2019-02-07,19.82899999999995
2019-02-08,19.865999999999985
2019-02-09,19.868999999999915
2019-02-10,19.8599999999999
2019-02-11,19.819999999999936
2019-02-12,19.826000000000022
2019-02-13,19.80399999999986
2019-02-14,19.865999999999985
2019-02-15,19.8449999999998
2019-02-16,19.863999999999805
2019-02-17,19.88799999999992
2019-02-18,19.829999999999927
2019-02-19,19.836000000000013
2019-02-20,19.906999999999925
2019-02-21,19.926999999999907
2019-02-22,19.971000000000004
2019-02-23,20.014999999999873
2019-02-24,20.024999999999864
2019-02-25,20.019000000000005
2019-02-26,20.029999999999973
2019-02-27,20.028999999999996
2019-02-28,20.020999999999958
2019-03-01,20.03599999999983
2019-03-02,20.04399999999987
2019-03-03,20.026999999999816
2019-03-04,20.09199999999987
2019-03-05,20.154999999999973
2019-03-06,20.092999999999847
2019-03-07,19.96699999999987
2019-03-08,19.84199999999987
2019-03-09,19.745999999999867
2019-03-10,19.653999999999996
2019-03-11,19.51599999999985
2019-03-12,19.371999999999844
2019-03-13,19.302999999999884
2019-03-14,19.208999999999833
2019-03-15,19.076000000000022
2019-03-16,18.947999999999865
2019-03-17,18.73199999999997
2019-03-18,18.434999999999945
2019-03-19,18.116999999999962
2019-03-20,17.934999999999945
2019-03-21,17.69699999999989
2019-03-22,17.462999999999965
2019-03-23,17.201999999999998
2019-03-24,16.895999999999958
2019-03-25,16.613999999999805
2019-03-26,16.337999999999965
2019-03-27,16.048000000000002
2019-03-28,15.717999999999847
2019-03-29,15.407999999999902
2019-03-30,15.100999999999885
2019-03-31,14.808999999999969
2019-04-01,14.54099999999994
2019-04-02,14.259000000000015
2019-04-03,13.923499999999876
2019-04-04,13.740000000000009
2019-04-05,13.430999999999813
2019-04-06,13.163000000000011
2019-04-07,13.06899999999996
2019-04-08,12.964999999999918
2019-04-09,12.792999999999893
2019-04-10,12.576000000000022
2019-04-11,12.310999999999922
2019-04-12,12.038000000000011
2019-04-13,11.83199999999988
2019-04-14,11.574999999999818
2019-04-15,11.284999999999854
2019-04-16,11.215999999999894
2019-04-17,11.189999999999827
2019-04-18,11.483999999999924
2019-04-19,11.682000000000016
2019-04-20,11.731999999999971
2019-04-21,11.871999999999844
2019-04-22,12.05099999999993
2019-04-23,12.159999999999854
2019-04-24,12.242999999999938
2019-04-25,12.338999999999942
2019-04-26,12.898999999999887
2019-04-27,13.295999999999822
2019-04-28,13.294999999999845
2019-04-29,13.03599999999983
2019-04-30,12.707999999999856
2019-05-01,12.3449999999998
2019-05-02,12.021999999999935
2019-05-03,11.592999999999847
2019-05-04,11.396999999999935
2019-05-05,11.192999999999984
2019-05-06,10.848999999999933
2019-05-07,10.385999999999967
2019-05-08,9.945999999999913
2019-05-09,9.715999999999894
2019-05-10,9.396999999999935
2019-05-11,9.398999999999887
2019-05-12,10.263999999999896
2019-05-13,11.384000000000015
2019-05-14,12.39799999999991
2019-05-15,13.02299999999991
2019-05-16,14.238999999999805
2019-05-17,15.903999999999996
2019-05-18,17.38499999999999
2019-05-19,18.513999999999896
2019-05-20,19.679999999999836
2019-05-21,20.878999999999905
2019-05-22,22.076000000000022
2019-05-23,23.66599999999994
2019-05-24,24.416999999999916
2019-05-25,24.480999999999995
2019-05-26,24.411999999999807
2019-05-27,24.29599999999982
2019-05-28,24.02800000000002
2019-05-29,23.5179999999998
2019-05-30,23.32199999999989
2019-05-31,23.472999999999956
2019-06-01,23.728999999999814
2019-06-02,23.48799999999983
2019-06-03,23.01299999999992
2019-06-04,23.153999999999996
2019-06-05,23.569999999999936
2019-06-06,23.48199999999997
2019-06-07,23.014999999999873
2019-06-08,22.541999999999916
2019-06-09,21.755999999999858
2019-06-10,21.009000000000015
2019-06-11,20.269999999999982
2019-06-12,19.29399999999987
2019-06-13,19.116999999999962
2019-06-14,19.136999999999944
2019-06-15,19.250999999999976
2019-06-16,19.64799999999991
2019-06-17,20.003999999999905
2019-06-18,19.603999999999814
2019-06-19,19.510999999999967
2019-06-20,19.291999999999916
2019-06-21,18.199999999999818
2019-06-22,16.91899999999987
2019-06-23,16.621999999999844
2019-06-24,16.659999999999854
2019-06-25,15.190999999999804
2019-06-26,14.006999999999834
2019-06-27,13.81399999999985
2019-06-28,13.598999999999933
2019-06-29,13.435999999999922
2019-06-30,13.057999999999993
2019-07-01,12.185999999999922
2019-07-02,11.732999999999947
2019-07-03,11.890999999999849
2019-07-04,12.237999999999829
2019-07-05,13.962999999999965
2019-07-06,13.222999999999956
2019-07-07,12.45399999999995
2019-07-08,12.413999999999987
2019-07-09,13.271999999999935
2019-07-10,12.698999999999842
2019-07-11,11.77599999999984
2019-07-12,11.601999999999862
2019-07-13,11.669999999999845
2019-07-14,11.81899999999996
2019-07-15,12.015999999999849
2019-07-16,11.168999999999869
2019-07-17,9.942999999999984
2019-07-18,9.125999999999976
2019-07-19,8.630999999999858
2019-07-20,8.22199999999998
2019-07-21,7.999000000000024
2019-07-22,7.661999999999807
2019-07-23,7.259999999999991
2019-07-24,6.857999999999947
2019-07-25,6.515999999999849
2019-07-26,6.285999999999831
2019-07-27,6.091999999999871
2019-07-28,5.8819999999998345
2019-07-29,5.666999999999916
2019-07-30,5.462999999999965
2019-07-31,5.3159999999998035
2019-08-01,5.201999999999998
2019-08-02,5.102999999999838
2019-08-03,5.125999999999976
2019-08-04,5.022999999999911
2019-08-05,4.849999999999909
2019-08-06,4.7289999999998145
2019-08-07,4.668999999999869
2019-08-08,4.613999999999805
2019-08-09,4.523999999999887
2019-08-10,4.395999999999958
2019-08-11,4.337999999999965
2019-08-12,5.130999999999858
2019-08-13,5.2199999999998
2019-08-14,5.038999999999987
2019-08-15,4.809999999999945
2019-08-16,4.510000000000218
2019-08-17,4.497833333333347
2019-08-18,4.678875000000062
2019-08-19,5.39129166666612
2019-08-20,6.9989583333333485
2019-08-21,10.235375000000204
2019-08-22,14.38608333333309
2019-08-23,17.257833333333338
2019-08-24,19.7396521739131
2019-08-25,21.178076923076787
2019-08-26,21.18708333333325
2019-08-27,20.709416666666584
2019-08-28,19.412000000000035
2019-08-29,18.65000000000032
2019-08-30,18.19445833333316
2019-08-31,18.197695652173934
2019-09-01,18.440208333333203
2019-09-02,18.7349999999999
2019-09-03,20.080999999999904
2019-09-04,21.129624999999805
2019-09-05,22.223833333333232
2019-09-06,23.108105263157768
2019-09-10,26.205666666666502
2019-10-19,25.954250000000002
2019-10-20,25.921374999999898
2019-10-21,25.832875000000058
2019-10-22,25.66058333333308
2019-10-23,25.748083333333398
2019-10-24,25.818874999999935
2019-10-25,25.83904166666639
2019-10-26,25.821958333333214
2019-10-27,25.811666666666724
2019-10-28,25.78675000000044
2019-10-29,25.791499999999587
2019-10-30,25.782285714285763
2019-10-31,25.743368421052537
2019-11-01,25.73102631578945
2019-11-02,25.718684210526362
2019-11-03,25.706342105263275
2019-11-04,25.69399999999996
2019-11-05,25.672166666666044
2019-11-06,25.6565833333334
2019-11-07,25.655727272727063
2019-11-08,25.69946666666624
2019-11-09,25.72474999999963
2019-11-10,25.654416666666748
2019-11-11,25.613374999999678
2019-11-12,25.695708333333187
2019-11-13,25.688874999999825
2019-11-14,25.58875000000012
2019-11-15,25.533818181818106
2019-11-16,25.53654166666638
2019-11-17,25.637714285714083
2019-11-18,25.600749999999607
2019-11-19,25.559291666666695
2019-11-20,25.502541666666502
2019-11-21,25.440695652173645
2019-11-22,25.44733333333329
2019-11-23,25.537791666666863
2019-11-24,25.556333333332987
2019-11-25,25.511833333333243
2019-11-26,25.53758333333326
2019-11-27,25.54633333333345
2019-11-28,25.53320833333305
2019-11-29,25.55920833333289
2019-11-30,25.5787499999999
2019-12-01,25.568958333333512
2019-12-02,25.510500000000093
2019-12-03,25.483041666666622
2019-12-04,25.490208333333385
2019-12-05,25.48833333333323
2019-12-06,25.466708333333145
2019-12-07,25.495125000000144
2019-12-08,25.511130434782444
2019-12-09,25.464958333333016
2019-12-10,25.423541666666324
2019-12-11,25.397041666666837
2019-12-12,25.37758333333295
2019-12-13,25.360913043478376
2019-12-14,25.331291666666857
2019-12-15,25.356000000000222
2019-12-16,25.420083333333196
2019-12-17,25.443347826086438
2019-12-18,25.435208333333094
2019-12-19,25.38922222222186
2019-12-20,25.35129166666661
2019-12-21,25.31216666666637
2019-12-22,25.261624999999867
2019-12-23,25.295916666666244
2019-12-24,25.31549999999993
2019-12-25,25.412000000000035
2019-12-26,25.534708333333356
2019-12-27,25.465749999999844
2019-12-28,25.339304347825646
2019-12-29,25.33360869565172
2019-12-30,25.340624999999818
2019-12-31,25.31112499999972
2020-01-01,25.317999999999984
2020-01-02,25.339708333333192
2020-01-03,25.308124999999563
2020-01-04,25.27616666666654
2020-01-05,25.29629166666632
2020-01-06,25.29158333333271
2020-01-07,25.280124999999998
2020-01-08,25.28541666666638
2020-01-09,25.288458333333665
2020-01-10,25.281249999999773
2020-01-11,25.266583333333074
2020-01-12,25.244458333333796
2020-01-13,25.204624999999623
2020-01-14,25.207749999999805
2020-01-15,25.276749999999765
2020-01-16,25.3063913043477
2020-01-17,25.328125
2020-01-18,25.363541666666833
2020-01-19,25.304999999999836
2020-01-20,25.240875000000187
2020-01-21,25.22375000000011
2020-01-22,25.237083333333203
2020-01-23,25.27170833333298
2020-01-24,25.299541666666528
2020-01-25,25.246041666666542
2020-01-26,25.234875000000102
2020-01-27,25.220999999999776
2020-01-28,25.23395833333302
2020-01-29,25.249958333333097
2020-01-30,25.23129166666672
2020-01-31,25.212999999999738
2020-02-01,25.225375000000213
2020-02-02,25.21508333333327
2020-02-03,25.178458333333538
2020-02-04,25.169374999999945
2020-02-05,25.173375000000078
2020-02-06,25.174916666666377
2020-02-07,25.230375000000095
2020-02-08,25.26270833333342
2020-02-09,25.208875000000035
2020-02-10,25.143625000000384
2020-02-11,25.126458333333403
2020-02-12,25.124217391304
2020-02-13,25.1577916666663
2020-02-14,25.223291666666455
2020-02-15,25.261375000000044
2020-02-16,25.237750000000005
2020-02-17,25.257083333333412
2020-02-18,25.19191666666643
2020-02-19,25.200666666666848
2020-02-20,25.254416666666884
2020-02-21,25.21587499999964
2020-02-22,25.16517391304319
2020-02-23,25.129624999999578
2020-02-24,25.101444444444496
2020-02-25,24.717315555555615
2020-02-26,24.333186666666734
2020-02-27,23.949057777777853
2020-02-28,23.56492888888897
2020-02-29,23.18080000000009
2020-03-01,22.86229166666658
2020-03-02,22.488999999999805
2020-03-03,22.117041666666637
2020-03-04,21.737833333333356
2020-03-05,21.380499999999984
2020-03-06,21.012249999999995
2020-03-07,20.729166666666515
2020-03-08,20.617583333333414
2020-03-09,20.5029999999997
2020-03-10,20.274458333333314
2020-03-11,20.060739130434513
2020-03-12,19.930291666666562
2020-03-13,19.97587499999986
2020-03-14,20.10191666666651
2020-03-15,20.25474999999983
2020-03-16,20.437708333333603
2020-03-17,20.564541666666628
2020-03-18,20.412874999999758
2020-03-19,20.142884615384446
2020-03-20,19.83524999999986
2020-03-21,19.56804166666666
2020-03-22,19.327833333333274
2020-03-23,19.052708333333385
2020-03-24,18.522833333333438
2020-03-25,17.992520000000013
2020-03-26,17.441416666666782
2020-03-27,16.801958333333232
2020-03-28,16.1261999999997
2020-03-29,15.438791666666475
2020-03-30,14.770583333333207
2020-03-31,14.115173913043236
2020-04-01,13.409166666666579
2020-04-02,12.674041666666653
2020-04-03,11.923399999999901
2020-04-04,11.117041666666637
2020-04-05,10.508249999999862
2020-04-06,9.863291666666782
2020-04-07,9.107999999999947
2020-04-08,8.513124999999718
2020-04-09,8.018041666666932
2020-04-10,7.636250000000018
2020-04-11,7.334291666666331
2020-04-12,7.045541666666622
2020-04-13,6.712249999999813
2020-04-14,6.46349999999984
2020-04-15,6.399239999999963
2020-04-16,6.4780000000000655
2020-04-17,7.26614285714254
2020-04-18,7.571291666666411
2020-04-19,7.931916666666666
2020-04-20,8.106374999999844
2020-04-21,8.474458333332905
2020-04-22,9.202166666666471
2020-04-23,10.620833333333167
2020-04-24,11.9842083333333
2020-04-25,13.05283333333341
2020-04-26,13.898708333333161
2020-04-27,14.653625000000147
2020-04-28,15.491958333333287
2020-04-29,16.690359999999828
2020-04-30,18.304999999999836
2020-05-01,19.83879166666634
2020-05-02,20.97787500000004
2020-05-03,21.59708333333333
2020-05-04,21.789041666666208
2020-05-05,21.88195833333316
2020-05-06,21.861652173912944
2020-05-07,21.55925000000002
2020-05-08,21.127999999999474
2020-05-09,20.66475000000014
2020-05-10,20.193874999999707
2020-05-11,19.799916666666604
2020-05-12,19.295695652173663
2020-05-13,18.839333333333116
2020-05-14,18.503166666666402
2020-05-15,18.423208333333378
2020-05-16,18.499933333333274
2020-05-17,18.63757142857139
2020-05-18,18.541541666666944
2020-05-19,18.490750000000162
2020-05-20,18.459375000000136
2020-05-21,18.666826086956462
2020-05-22,18.9947777777777
2020-05-23,18.88062499999978
2020-05-24,18.683499999999867
2020-05-25,18.59937500000001
2020-05-26,18.610041666666575
2020-05-27,18.764333333333298
2020-05-28,18.99279166666679
2020-05-29,19.09400000000005
2020-05-30,19.01115555555566
2020-05-31,18.92831111111127
2020-06-01,18.84546666666688
2020-06-02,18.76262222222249
2020-06-03,18.679777777777872
2020-06-04,18.395416666666733
2020-06-05,17.899083333333238
2020-06-06,17.316125000000056
2020-06-07,16.756541666666863
2020-06-08,16.026916666666693
2020-06-09,15.19595833333301
2020-06-10,14.339458333333141
2020-06-11,13.478374999999915
2020-06-12,13.037720000000036
2020-06-13,13.208583333333308
2020-06-14,13.487958333333381
2020-06-15,13.820999999999913
2020-06-16,13.972250000000031
2020-06-17,14.02420833333349
2020-06-18,13.585541666666586
2020-06-19,12.842624999999543
2020-06-20,12.015999999999849
2020-06-21,11.162458333333234
2020-06-22,10.376375000000053
2020-06-23,9.780708333333223
2020-06-24,9.266291666666575
2020-06-25,9.011749999999893
2020-06-26,8.330222222221892
2020-06-27,7.907666666666728
2020-06-28,7.5299130434782455
2020-06-29,8.166307692307328
2020-06-30,11.077416666666522
2020-07-01,13.231166666666695
2020-07-02,15.208384615384603
2020-07-03,16.24861538461505
2020-07-04,14.255461538461532
2020-07-05,11.02319999999986
2020-07-06,11.167846153846313
2020-07-07,12.237538461538406
2020-07-08,13.32684615384619
2020-07-09,14.126076923077107
2020-07-10,13.918307692307508
2020-07-11,12.902307692307431
2020-07-12,11.024799999999686
2020-07-13,6.146499999999833
2020-07-14,8.463249999999789
2020-07-15,7.705699999999979
2020-07-16,7.613923076922674
2020-07-17,7.27753846153837
2020-07-18,6.76038461538451
2020-07-19,7.061583333333147
2020-07-20,6.732399999999643
2020-07-21,6.449333333333243
2020-07-22,6.218166666666548
2020-07-23,5.984416666666448
2020-07-24,5.741666666666561
2020-07-25,5.012769230768981
2020-07-26,4.71115384615382
2020-07-27,4.426307692307546
2020-07-28,4.459076923076964
2020-07-29,4.236307692307719
2020-07-30,4.218230769230786
2020-07-31,3.9550769230770584
2020-08-01,3.603399999999965
2020-08-02,3.6023846153843806
2020-08-03,3.4169230769230126
2020-08-04,3.2599230769228598
2020-08-05,3.038416666666535
2020-08-06,2.967999999999847
2020-08-07,2.864153846153613
2020-08-08,2.7552307692303657
2020-08-09,2.6019230769231854
2020-08-10,2.541583333333392
2020-08-11,1.7970000000000255
2020-08-12,1.93425000000002
2020-08-13,2.5904999999997926
2020-08-14,2.258714285714177
2020-08-15,-1.734000000000151
2020-08-16,-1.1639999999999873
2020-08-17,1.1334999999999127
2020-08-18,-0.044000000000096406
2020-08-19,0.8360000000000127
2020-08-20,2.4459999999999127
2020-08-21,4.485999999999876
2020-08-22,6.52599999999984
2020-08-23,7.735999999999876
2020-08-24,10.065999999999804
2020-08-25,12.277499999999918
2020-08-26,14.17599999999993
2020-08-27,16.255999999999858
2020-08-28,17.16599999999994
2020-08-29,18.54599999999982
2020-08-30,19.16599999999994
2020-08-31,19.725999999999885
2020-09-01,20.27599999999984
2020-09-02,20.755999999999858
2020-09-03,21.826000000000022
2020-09-04,22.445999999999913
2020-09-05,23.086000000000013
2020-09-06,23.53599999999983
2020-09-07,23.365999999999985
2020-09-08,23.645999999999958
2020-09-09,23.975999999999885
2020-09-10,23.846000000000004
2020-09-11,23.735999999999876
2020-09-12,23.42599999999993
2020-09-13,23.115999999999985
2020-09-14,23.03599999999983
2020-09-15,22.77599999999984
2020-09-16,22.445999999999913
2020-09-17,22.04599999999982
2020-09-18,21.485999999999876
2020-09-19,20.945999999999913
2020-09-20,20.52599999999984
2020-09-21,19.935999999999922
2020-09-22,19.475999999999885
2020-09-23,19.04599999999982
2020-09-24,18.65599999999995
2020-09-25,18.326000000000022
2020-09-26,18.215999999999894
2020-09-27,18.086000000000013
2020-09-28,17.935999999999922
2020-09-29,17.826000000000022
2020-09-30,17.66599999999994
2020-10-01,17.945999999999913
2020-10-02,18.16599999999994
2020-10-03,18.52599999999984
2020-10-04,18.875999999999976
2020-10-05,19.03599999999983
2020-10-06,19.315999999999804
2020-10-07,19.555999999999813
2020-10-08,19.66599999999994
2020-10-09,19.76599999999985
2020-10-10,19.885999999999967
2020-10-11,19.846000000000004
2020-10-12,19.90599999999995
2020-10-13,19.985999999999876
2020-10-14,20.065999999999804
2020-10-15,20.17599999999993
2020-10-16,20.26599999999985
2020-10-17,20.375999999999976
2020-10-18,20.52599999999984
2020-10-19,21.03599999999983
2020-10-20,21.865999999999985
2020-10-21,22.185999999999922
2020-10-22,22.555999999999813
2020-10-23,22.945999999999913
2020-10-24,23.03599999999983
2020-10-25,23.096000000000004
2020-10-26,23.326000000000022
2020-10-27,23.625999999999976
2020-10-28,23.935999999999922
2020-10-29,24.27599999999984
2020-10-30,24.565999999999804
2020-10-31,24.836000000000013
2020-11-01,25.096000000000004
2020-11-02,25.336000000000013
2020-11-03,24.945999999999913
2020-11-04,24.51599999999985
2020-11-05,24.15599999999995
2020-11-06,23.78599999999983
2020-11-07,23.445999999999913
2020-11-08,23.115999999999985
2020-11-09,22.705999999999904
2020-11-10,22.26599999999985
2020-11-11,21.836000000000013
2020-11-12,22.02862499999992
2020-11-13,21.75823076923075
2020-11-14,21.344692307692185
2020-11-15,20.91161538461529
2020-11-16,20.51384615384586
2020-11-17,20.128769230769194
2020-11-18,19.717416666666622
2020-11-19,19.298769230769267
2020-11-20,18.905692307692334
2020-11-21,18.516384615384595
2020-11-22,18.521615384615416
2020-11-23,18.694307692307575
2020-11-24,18.928692307692245
2020-11-25,19.177846153846076
2020-11-26,19.41146153846148
2020-11-27,19.6483076923073
2020-11-28,19.815999999999804
2020-11-29,20.02861538461525
2020-11-30,20.249999999999773
2020-12-01,20.49953846153835
2020-12-02,20.736153846153456
2020-12-03,20.935615384615403
2020-12-04,21.101307692307728
2020-12-05,21.28984615384593
2020-12-06,21.52908333333312
2020-12-07,21.721461538461654
2020-12-08,21.904538461538323
2020-12-09,22.105153846154053
2020-12-10,22.273923076922983
2020-12-11,22.457923076922953
2020-12-12,22.630076923076786
2020-12-13,22.825538461538372
2020-12-14,23.00346153846135
2020-12-15,23.191076923076707
2020-12-16,23.340769230768956
2020-12-17,23.485307692307742
2020-12-18,23.627692307692314
2020-12-19,23.767461538461475
2020-12-20,23.889333333333298
2020-12-21,23.99069230769237
2020-12-22,24.139153846153704
2020-12-23,24.260923076923063
2020-12-24,24.36938461538466
2020-12-25,24.46261538461522
2020-12-26,24.563307692307717
2020-12-27,24.693384615384275
2020-12-28,24.873777777777832
2020-12-29,25.043846153845834
2020-12-30,25.15376923076883
2020-12-31,25.24315384615352
2021-01-01,25.306916666666666
2021-01-02,25.412916666666433
2021-01-03,25.523999999999887
2021-01-04,25.67883333333316
2021-01-05,25.796499999999696
2021-01-06,25.842333333333045
2021-01-07,25.9064166666667
2021-01-08,25.93833333333305
2021-01-09,26.013666666666495
2021-01-10,26.13316666666651
2021-01-11,26.168363636363665
2021-01-12,26.14458333333323
2021-01-13,26.1401666666668
2021-01-14,26.2189166666667
2021-01-15,26.36041666666665
2021-01-16,26.553499999999758
2021-01-17,26.59741666666673
2021-01-18,26.584249999999884
2021-01-19,26.642416666666804
2021-01-20,26.755833333333385
2021-01-21,26.87408333333292
2021-01-22,26.890499999999975
2021-01-23,26.98658333333333
2021-01-24,27.1723333333332
2021-01-25,27.295249999999896
2021-01-26,27.35714285714289
2021-01-27,27.503571428571604
2021-01-28,27.557999999999993
2021-01-29,27.655166666666673
2021-01-30,27.746083333333218
2021-01-31,27.791833333333443
2021-02-01,27.857666666666546
2021-02-02,27.961909090909103
2021-02-03,28.07533333333322
2021-02-04,28.177454545454566
2021-02-05,28.226499999999987
2021-02-06,28.284499999999753
2021-02-07,28.390416666666624
2021-02-08,28.482499999999845
2021-02-09,28.53083333333325
2021-02-10,28.613666666666404
2021-02-11,28.719333333333452
2021-02-12,28.841833333333398
2021-02-13,28.91758333333337
2021-02-14,29.041583333333392
2021-02-15,29.155666666666548
2021-02-16,29.252083333333303
2021-02-17,29.33966666666629
2021-02-18,29.436166666666622
2021-02-19,29.49675000000002
2021-02-20,29.52274999999986
2021-02-21,29.617166666666662
2021-02-22,29.711416666666764
2021-02-23,29.769916666666404
2021-02-24,29.845749999999725
2021-02-25,29.88574999999969
2021-02-26,29.916499999999814
2021-02-27,30.075916666666444
2021-02-28,30.21266666666679
2021-03-01,30.293583333333117
2021-03-02,30.33883333333347
2021-03-03,30.36491666666666
2021-03-04,30.42208333333315
2021-03-05,30.52410000000009
